Hari,Skor
1,-18.07919641368397
2,-11.26339875132344
3,-2.977784842351666
4,-2.977784842351666
