Hari,Skor
1,-1.774053118145217
2,0.9517467886713257
3,-20.088771853049813
4,-1.2969618857947691
5,-1.2399657129285235
6,-52.788641655388254
7,-16.183388400871124
8,0.6913233289471044
9,0.7832305419735759
10,0.9224414476065711
11,0.9455610359339416
12,0.8696415815850331
13,0.9846896251346986
14,0.9784385757688328
