Hari,Skor
1,-2.6443327004857085
2,0.9841546057695738
3,0.8496796617154125
