Hari,Skor
1,-0.9400987106247762
2,-0.9400987106247762
