Hari,Skor
1,-36.4081349808281
2,-23.301011801478335
3,-20.226578036648537
4,-22.029672019800184
5,-9.072239973131893
