Hari,Skor
1,-3.4357483620203464
2,-2.850963423177032
3,-1.103327497601096
4,0.6364814641903216
5,0.08479179546530824
