Hari,Skor
1,-10.85748512101236
2,-9.986348081403824
3,-5.124812785109442
4,-7.342632306752499
5,-2.5107226410876295
