Hari,Skor
1,-2.202295234508275
2,-1.0372389981702006
3,-573.0690843293918
4,-74.45710035878308
5,-985.9538980685735
6,-538.266633514206
7,-64.85874853180043
8,-14.855903033136546
9,-1.491492435522308
10,-4.532706894146306
11,0.9231224153968662
12,0.9608870246360617
13,0.9759671547140957
14,0.8767937805598233
15,0.971067835376774
16,0.9780892809738272
17,0.9761749409755369
18,0.9781689843139367
