Hari,Skor
1,-2.235294446400381
2,-2.235294446400381
