Hari,Skor
1,-3.954285255610122
2,-3.951088437085798
3,-3.8323071342863217
4,-3.8374851582541707
5,-3.750090795482399
6,-3.4527409671861884
7,-3.342721925691981
8,-3.2603868805808576
9,-3.1220192405108493
10,-2.8244524399064663
11,-2.576993658643027
12,-2.3459646567569696
13,-2.2510113390825346
14,-0.9430544155558265
15,-1.1628561444736087
16,-1.4007386229975642
17,-1.0548968009044737
