Hari,Skor
1,-49.108268061454154
2,-71.13796855263472
