Hari,Skor
1,-0.9895942943996259
2,-0.9895942943996259
3,-14.218469267385283
4,0.6256100647554768
5,-279.32851496709003
6,-0.37662414407602296
7,0.9610053973641317
8,-1.08283891416106
9,0.9279288703589885
10,-3.1550281993850433
11,-0.5976992292086545
12,0.8142543527815909
13,0.6513402898557736
14,-0.688148942706883
15,0.4660788977910961
16,0.22955511033378773
17,0.9419011484672793
18,0.9180002318587178
19,0.9321946702963203
20,0.9658754158515496
21,0.9737771108539066
22,0.9501198937417764
