Hari,Skor
1,-17.331894011606373
2,-13.822516162489196
3,-8.834491651010781
4,-12.641356611927398
5,-3.6772086136761706
6,-1.2709795873640117
