Hari,Skor
1,-4.708103764921947
2,0.04947199265381086
