Hari,Skor
1,-1.8213821101740537
2,0.927560283264603
3,-1283718595926.4448
4,-1283718596124.0286
5,-12444468.786909409
6,-94894628.99015145
7,-2115590.042462177
8,-105808.76339991995
9,-647680.3120446601
