Hari,Skor
1,-2.105400296572986
2,0.7061375216144294
3,0.8568063501511137
