Hari,Skor
1,-12.31183227933181
2,-12.355850066705159
3,-9.040382588406985
4,-4.225509525325218
5,-3.5969310266342243
6,-6.13286367720184
