Hari,Skor
1,-50.96994443771522
2,-50.96994443771522
