Hari,Skor
1,-3.6050163684249394
2,-3.4857813769168287
3,0.23408176828217686
4,-0.573038619637187
