Hari,Skor
1,-1.365972097613494
2,0.9363567462796245
3,-0.5224348262706084
4,-0.5224348262706693
5,-0.47897235130943017
6,-1.9403274247930171
7,0.9388225923950267
8,0.9742154349523692
9,0.9776462873348941
