Hari,Skor
1,-39.24147239107306
2,-59.19129093454697
