Hari,Skor
1,-3.505863414075253
2,0.10947013844954057
3,0.10947013844954057
