Hari,Skor
1,-7.7559818162348595
2,-6.27242580712305
3,-5.354692993538204
4,-2.474584540475363
5,-2.9885859763533276
