Hari,Skor
1,-4.0207613599842
2,-3.9353590055472916
3,-3.8283877294574715
4,-3.717373973645347
5,-3.6428253860678286
6,-3.3031338707211235
7,-3.290274750833209
8,-3.019370961535187
9,-3.040837225368489
10,-2.057671511651137
11,-1.9556489654999436
12,-2.3817107804258555
13,-1.9049529260257518
14,-0.5117853133511523
15,0.31158716627089533
16,0.8814832587467297
