Hari,Skor
1,-6.313084587261225
2,-6.113789378641049
3,-5.955633392826659
4,-5.840493372051928
5,-5.527635431804482
6,-5.488859392211158
7,-5.423983101358315
8,-4.981784300955912
9,-4.911031949672214
10,-3.712032642293676
11,-3.3251449868302574
12,-2.6465413535216
13,-2.0889657800519226
14,-2.158889641850972
15,-1.1389087256345554
16,-1.2498424408986297
17,0.6239178962998757
18,-0.5551364686165843
