Hari,Skor
1,-45.13452716217695
2,-27.923170695299984
