Hari,Skor
1,-12.027011821112323
2,-11.717570353071457
3,-3.048518871995812
4,0.35617033255651487
5,-1.694978077714385
