Hari,Skor
1,-4.947872568372477
2,-4.908901941549534
3,-4.752022731574338
4,-4.457131824088587
5,-4.352893619269832
6,-4.306833176955865
7,-3.9203838016354426
8,-3.369200057472736
9,-3.230860501811259
10,-2.2534974642154815
11,-2.0138212298079874
12,-1.5294813605291577
13,-0.0329521224842777
14,0.12409212394698066
15,0.770698319548419
16,0.8682782983963013
