Hari,Skor
1,-4.609096873743186
2,-4.4874339665069956
3,-4.451692889832073
4,-4.398276366874592
5,-4.3851029033243245
6,-4.311949675713576
7,-4.132412301859973
8,-4.038946899232783
9,-3.855067427220935
10,-3.581686465433102
11,-3.5238535906914192
12,-3.357978259060033
13,-2.812046940791943
14,-2.828308940324277
15,-2.1059982588801605
16,-1.7040772578598258
17,-1.4085883343067338
18,-0.704299526849645
19,-0.42634555313994404
20,0.22555970808290093
21,0.48383781962267514
22,0.8547176664304539
