Hari,Skor
1,-16.051589696751133
2,-7.748000743851051
3,-7.358478098349643
4,-5.388179491060044
5,-5.388179491060044
